/100076677502755/,Keren Ka Semangat
/100076238831823/,Keren Ka Semangat
/100071679331523/,Keren Ka Semangat
/100076001896244/,Keren Ka Semangat
/100087566211814/,Keren Ka Semangat
/105506688947861/,Keren Ka Semangat
/109098535202098/,Keren Ka Semangat
/182214253515881/,Keren Ka Semangat
/100089575642329/,Keren Ka Semangat
/100046651941367/,Keren Ka Semangat
/100083798239212/,Keren Ka Semangat
/100054960649660/,Keren Ka Semangat
/100061835431649/,Keren Ka Semangat
/100074459837090/,Keren Ka Semangat
/100089863099035/,Keren Ka Semangat
/100000505216175/,Keren Ka Semangat
/100089853805465/,Keren Ka Semangat
/100005890364127/,Keren Ka Semangat
/100077535183934/,Keren Ka Semangat
/100088395746309/,Keren Ka Semangat
/100089599385578/,Keren Ka Semangat
/100019014557453/,Keren Ka Semangat
/100007434041441/,Keren Ka Semangat
/100047139676670/,Keren Ka Semangat
/100000480594272/,Keren Ka Semangat
/100085124817419/,Keren Ka Semangat
/100004244256471/,Keren Ka Semangat
/100078946420541/,Keren Ka Semangat
/100008972500071/,Keren Ka Semangat
/100001026971726/,Keren Ka Semangat
/100087312687173/,Keren Ka Semangat
/100000560471255/,Keren Ka Semangat
/100045760576216/,Keren Ka Semangat
/100034499508377/,Keren Ka Semangat
/100031893378152/,Keren Ka Semangat
/100089637529141/,Keren Ka Semangat
/100013627000042/,Keren Ka Semangat
/100088961725450/,Keren Ka Semangat
/100015122656661/,Keren Ka Semangat
/100017851954920/,Keren Ka Semangat
/100087640241085/,Keren Ka Semangat
/100000282474854/,Keren Ka Semangat
/100023159169222/,Keren Ka Semangat
/100033657407360/,Keren Ka Semangat
/100013449011492/,Keren Ka Semangat
/100060087000872/,Keren Ka Semangat
/100001005648096/,Keren Ka Semangat
/100090276182218/,Keren Ka Semangat
/100088711823590/,Keren Ka Semangat
/100050220609912/,Keren Ka Semangat
/100014597231443/,Keren Ka Semangat
/100000780306150/,Keren Ka Semangat
/100007975573862/,Keren Ka Semangat
/100076261689797/,Keren Ka Semangat
/100042744190279/,Keren Ka Semangat
/100009355822219/,Keren Ka Semangat
/100088869649034/,Keren Ka Semangat
/1249273304/,Keren Ka Semangat
/100089104000294/,Keren Ka Semangat
/100089073640511/,Keren Ka Semangat
/100089036053546/,Keren Ka Semangat
/100088737414703/,Keren Ka Semangat
/100088786673087/,Keren Ka Semangat
/100089104059618/,Keren Ka Semangat
/100088959675185/,Keren Ka Semangat
/100089243883988/,Keren Ka Semangat
/100089191145587/,Keren Ka Semangat
/100067845997908/,Keren Ka Semangat
/100087113182905/,Keren Ka Semangat
/100089094370482/,Keren Ka Semangat
/100089028943632/,Keren Ka Semangat
/100055740067282/,Keren Ka Semangat
/100006639786174/,Keren Ka Semangat
/100047729003360/,Keren Ka Semangat
/100004745010613/,Keren Ka Semangat
/100088664532152/,Keren Ka Semangat
/100071495028074/,Keren Ka Semangat
/100001146290010/,Keren Ka Semangat
/100014269758368/,Keren Ka Semangat
/100057907921575/,Keren Ka Semangat
/100064194771108/,Keren Ka Semangat
/100000545773342/,Keren Ka Semangat
/100014624083637/,Keren Ka Semangat
/100082581407412/,Keren Ka Semangat
/100035030773966/,Keren Ka Semangat
/100063559697375/,Keren Ka Semangat
/100011113068851/,Keren Ka Semangat
/100065733415102/,Keren Ka Semangat
/100073881963214/,Keren Ka Semangat
/100089134256234/,Keren Ka Semangat
/100050763692316/,Keren Ka Semangat
/100007724319564/,Keren Ka Semangat
/100007269872681/,Keren Ka Semangat
/100008575203501/,Keren Ka Semangat
/100022350660208/,Keren Ka Semangat
/100054927698679/,Keren Ka Semangat
/100000443592069/,Keren Ka Semangat
/100088772384740/,Keren Ka Semangat
/1603140889/,Keren Ka Semangat
/100073808847803/,Keren Ka Semangat
/100028331015762/,Keren Ka Semangat
/100083696659140/,Keren Ka Semangat
/100011098416155/,Keren Ka Semangat
/100002105898835/,Keren Ka Semangat
/100073589828132/,Keren Ka Semangat
/100089146957362/,Keren Ka Semangat
/100002743034146/,Keren Ka Semangat
/100089297490829/,Keren Ka Semangat
/100088947735929/,Keren Ka Semangat
/100078299718738/,Keren Ka Semangat
/100001618460171/,Keren Ka Semangat
/100088773503827/,Keren Ka Semangat
/100089053361417/,Keren Ka Semangat
/100088745123440/,Keren Ka Semangat
/100089304900738/,Keren Ka Semangat
/100088841480687/,Keren Ka Semangat
/100089068601646/,Keren Ka Semangat
/100088835210995/,Keren Ka Semangat
/100089021173325/,Keren Ka Semangat
/100083125585724/,Keren Ka Semangat
/100002960883569/,Keren Ka Semangat
/100012573930982/,Keren Ka Semangat
