/100071132387450/,,Hello how are you
/100071003825505/,,Hello how are you
/102901769202953/,,Hello how are you
/100007584430710/,,Hello how are you
/100086519181719/,,Hello how are you
/100001178738678/,,Hello how are you
/100086197065784/,,Hello how are you
/100003610868094/,,Hello how are you
/100026225344726/,,Hello how are you
/100012724710515/,,Hello how are you
/100020278800434/,,Hello how are you
/100085880550591/,,Hello how are you
/100036136397646/,,Hello how are you
/1426338062/,,Hello how are you
/100086552134523/,,Hello how are you
/100009577191503/,,Hello how are you
/100086950414435/,,Hello how are you
/100045683838642/,,Hello how are you
/1309492593/,,Hello how are you
/100050794187886/,,Hello how are you
/100049266169924/,,Hello how are you
/100011157482830/,,Hello how are you
/100085421621973/,,Hello how are you
/100003495838773/,,Hello how are you
/100058457763284/,,Hello how are you
/100079028637636/,,Hello how are you
/100013488279218/,,Hello how are you
/100006436537062/,,Hello how are you
/100075307809781/,,Hello how are you
/100073965536343/,,Hello how are you
/100078418047647/,,Hello how are you
/100005053609173/,,Hello how are you
/100075444960140/,,Hello how are you
/100049577360153/,,Hello how are you
/100013088565803/,,Hello how are you
/100086568122334/,,Hello how are you
